<?xml version="1.0" encoding="utf-8" ?> 

<component name="serverstatus" extends="Task">
	<interface>
		<field id="response"  type="string" value="" alwaysnotify="true"/>
		<field id="datetimeupdate"  type="string" value="" alwaysnotify="true"/>
		<field id="serverepoch"  type="int" value="" alwaysnotify="true"/>
			
		<field id="streamName"  type="string" value="" />
		<field id="title"  type="string" value="" />
		<field id="onAir"  type="bool" value="false" />
		<field id="lastUpdate"  type="int" value="0"/>
		<field id="maxViewers"  type="int" value="0"/>
		<field id="showCurrentViewers"  type="bool" value="false" />
		<field id="preroll"  type="string" value="" />
		<field id="prerollUrl"  type="string" value="" />
		<field id="prerollMessage"  type="string" value="" />
		<field id="positionNotificationPeriod"  type="string" value="" />
		<field id="ShortDescriptionLine1"  type="string" value="" />
		<field id="ShortDescriptionLine2"  type="string" value="" />
		<field id="streamIp"  type="string" value="" />
		<field id="streamurl"  type="string" value="" />
		<field id="delay"  type="int" value="0"/>
			
		<field id="userparams" type="string" value="" />
			
		<field id="regtoken" type="string" value="" alwaysnotify="true"/>
		<field id="regcode" type="string" value=""  alwaysnotify="true"/>
		<field id="registrationMessage" type="string" value="" />
		
		
	</interface>
	<script type="text/brightscript" uri="pkg:/components/status.brs" />

</component>
